03-17-2016-0024,Testing new file writing system,,
03-17-2016-0025,Test number 2,,
03-17-2016-0027,test,,
03-17-2016-0028,aga,,
03-17-2016-0028,ian,,
03-17-2016-0028,ai,,
03-17-2016-0028,Once more,,
04-23-2016-1514,I like the dogs,,
04-23-2016-1522,Tacos are fun,,
04-23-2016-1531,Test tacos,,
04-23-2016-1532,Testing tACOS,,
04-23-2016-1538,Beef tacos,,
04-23-2016-1538,More tacos,,
04-23-2016-1538,I like beef tacos,,
04-23-2016-1538,more beef tacos,,
04-23-2016-1547,Testing tacos,,
04-23-2016-1645,Tacos are fun,,
04-23-2016-1648,Tacos are really cool,,
04-23-2016-1648,Tacos are uber awesome,,
04-23-2016-1648,How is your dog,,
04-23-2016-1649,hjfghjfghfghfgh,,
04-23-2016-1652,Tacos are tacos,,
04-23-2016-1653,Tacos,,
04-23-2016-1653,Hello people,,
04-23-2016-1653,Hello people,,
04-23-2016-1653,fsdsdfsdf,,
04-23-2016-1653,fsdsdfsdf,,
04-23-2016-1654,Tacos,,
04-23-2016-1654,sdfsdfsdfsfsdfsdfas,,
04-23-2016-1654,sdfsdfsadff,,
04-23-2016-1706,Tacos,,
04-23-2016-1709,Tacos,,
04-23-2016-1710,Tacos,,
04-23-2016-1717,Tacos are fun,,
04-23-2016-1718,Towering tacos,,
04-23-2016-1721,Tacos,,
04-23-2016-1721,Tacos,,
04-23-2016-1723,Test,,
04-23-2016-1724,Test,,
04-23-2016-1730,Dogs,,
04-23-2016-1731,Tacos,,
04-23-2016-1731,Tacos,,
04-23-2016-1732,Type,,
04-23-2016-1734,Teams,,
04-23-2016-1734,Meow,,
04-23-2016-1734,y,,
04-23-2016-1736,Tacos,,
04-23-2016-1737,Tacos,,
04-23-2016-1741,Tacos,,
04-23-2016-1742,s,,
04-23-2016-1742,t,,
04-23-2016-1742,h,,
04-23-2016-1743,t,,
04-23-2016-1746,tacos,,
04-23-2016-1747,t,,
